39afb817-3aad-4c40-95ae-ed155219a843,Emily,Brown,emily.brown@example.com,Hyundai,Elantra,QX32T4ATIZ1K0I9CZ,Sat Apr 18 2015 00:00:00 GMT+0530 (India Standard Time),10
3b0b8c45-1e38-47b7-a968-b68ffc534a78,James,Doe,james.doe@test.com,Chevrolet,Malibu,VO8BJ939064RRO7SB,Wed Aug 27 2014 00:00:00 GMT+0530 (India Standard Time),11
3e70b2a4-a01e-443d-9a7b-54c2f206095b,Ava,Brown,ava.brown@email.com,Mazda,3,ZNP2NUG8UOK2GX7ZH,Tue Mar 24 2015 00:00:00 GMT+0530 (India Standard Time),10
746ead32-33ce-4ad3-8a7f-a18f31ab8e0b,Olivia,Davis,olivia.davis@example.com,Toyota,Corolla,TMBQCVTEFH5VSYJWG,Sat Oct 15 2011 00:00:00 GMT+0530 (India Standard Time),14
f8d2c921-99ad-4451-b5c5-a3378e4cd38c,David,Wilson,david.wilson@demo.com,Volkswagen,Passat,SJWZUH8AD42I9JP15,Sat Jun 12 2010 00:00:00 GMT+0530 (India Standard Time),15
5d0f6b8e-b062-4efb-8646-5d8f7bb33fb1,James,Doe,james.doe@demo.com,Honda,Civic,FXQ729Z5NVYFKW45Y,Mon Feb 14 2011 00:00:00 GMT+0530 (India Standard Time),14
28fd3752-bb72-4fff-93ed-26bedbc2a9d7,Jane,Martinez,jane.martinez@demo.com,Nissan,Altima,KGXPJXO1W5NENRJXS,Mon Oct 03 2011 00:00:00 GMT+0530 (India Standard Time),14
8a3a3fc6-e67d-438b-b145-d5f2af9945b8,Ava,Johnson,ava.johnson@email.com,Subaru,Impreza,FWF2YYGTS2UZUJS07,Thu Jun 28 2012 00:00:00 GMT+0530 (India Standard Time),13
c6d6488e-5a54-42ba-a7ce-62b0b054a72f,Michael,Doe,michael.doe@test.com,Honda,Civic,3O84CG0JBVQF4UGFJ,Fri May 24 2013 00:00:00 GMT+0530 (India Standard Time),12
012f11f4-a1fb-4744-8fd2-9acfdca12ee1,David,Johnson,david.johnson@email.com,Toyota,Corolla,WQJYQ1BD4KLGJSM4Y,Wed Jul 04 2012 00:00:00 GMT+0530 (India Standard Time),13
0209ff10-0bd2-431d-a854-15bb5eb81ba9,John,Wilson,john.wilson@email.com,Ford,Focus,HZ6OQUCQUHZDN1MFD,Mon Aug 03 2015 00:00:00 GMT+0530 (India Standard Time),10
dac38db1-a7b6-40e8-a1c5-1d50944a075e,Emma,Lee,emma.lee@test.com,Chevrolet,Malibu,ZM0UTM34MD17CTFZC,Mon Dec 24 2012 00:00:00 GMT+0530 (India Standard Time),13
5c92af01-c851-43b5-8032-03aad4b73130,Emma,Doe,emma.doe@email.com,Hyundai,Elantra,QOS3NVZSD47FC4B8D,Thu Sep 23 2010 00:00:00 GMT+0530 (India Standard Time),15
58c28d09-ec9b-434c-9ea3-ad1c24098161,Olivia,Lee,olivia.lee@demo.com,Hyundai,Elantra,EJR1JBGQ1VXUTEX15,Mon Aug 10 2015 00:00:00 GMT+0530 (India Standard Time),10
2e799065-571e-4bc7-8c52-cc822f8726e2,Olivia,Anderson,olivia.anderson@demo.com,Kia,Optima,INRHD7R4XJBFL3XFS,Sat Sep 24 2011 00:00:00 GMT+0530 (India Standard Time),14
bf58fff9-d0c1-4ff9-8764-142ea90362f3,John,Martinez,john.martinez@email.com,Toyota,Corolla,B13KD4IU7G8RRVU0C,Wed Jan 01 2014 00:00:00 GMT+0530 (India Standard Time),11
4b20ceb8-e5b6-4e0a-925c-30558479fe4b,Emily,Doe,emily.doe@demo.com,Mazda,3,5WMC4N8XZLDMKI56V,Mon Sep 23 2013 00:00:00 GMT+0530 (India Standard Time),12
acb32609-b086-4d53-b40e-15afe855fe16,John,Johnson,john.johnson@demo.com,Honda,Civic,9K3LV6Z6KIXFCTZIR,Mon Jun 28 2010 00:00:00 GMT+0530 (India Standard Time),15
3d511982-3713-4265-94ba-5a2958927456,Emma,Garcia,emma.garcia@example.com,Kia,Optima,5DN9CWKBBAQA0QKV7,Fri Sep 06 2013 00:00:00 GMT+0530 (India Standard Time),12
767b0d98-2ff4-4f40-b6b3-d507f0e99fb4,Michael,Lee,michael.lee@example.com,Subaru,Impreza,S4HATUU8PIMV98GQS,Thu May 07 2015 00:00:00 GMT+0530 (India Standard Time),10
d579ec5d-c126-4d0f-b989-7e7559c5cca8,Olivia,Anderson,olivia.anderson@test.com,Volkswagen,Passat,0O1NPHNPNX2CK5BI0,Tue Mar 29 2011 00:00:00 GMT+0530 (India Standard Time),14
54b2d10d-73c0-4b02-8112-c8e056a230e9,John,Brown,john.brown@email.com,Ford,Focus,7J4YTW719MXKZW6TN,Fri May 31 2013 00:00:00 GMT+0530 (India Standard Time),12
3fd81fc1-9689-4fce-a50c-e8c1a27f811e,Emily,Johnson,emily.johnson@email.com,Toyota,Corolla,HOTNYW9IELNBB8D3T,Thu Sep 27 2012 00:00:00 GMT+0530 (India Standard Time),13
90c2a5a3-a1e0-47d3-9504-f3e1632eb436,Ava,Doe,ava.doe@demo.com,Volkswagen,Passat,RKO8X9NQRAYKYP67L,Mon Jan 19 2015 00:00:00 GMT+0530 (India Standard Time),10
fb39886d-ceeb-4e71-853e-ac153be186b9,David,Brown,david.brown@test.com,Volkswagen,Passat,U2RJC1AEZAG9J485X,Mon Jun 29 2015 00:00:00 GMT+0530 (India Standard Time),10
088cd452-7a8e-4ddd-b045-256105420def,William,Martinez,william.martinez@example.com,Ford,Focus,AB9AC3DEB7QH7VAVD,Wed Nov 14 2012 00:00:00 GMT+0530 (India Standard Time),13
29b437a4-58d2-452f-b28b-8855463f5e11,Emma,Anderson,emma.anderson@email.com,Nissan,Altima,EQCPEY06G1V7N8MOJ,Fri May 15 2015 00:00:00 GMT+0530 (India Standard Time),10
d3826314-2bb4-4f90-a003-53f21ca96554,Emily,Smith,emily.smith@test.com,Nissan,Altima,Y9M8E1N0PRRIZZNQZ,Wed Aug 15 2012 00:00:00 GMT+0530 (India Standard Time),13
b2dc4a37-eaaa-419a-821c-fcc225a65004,Jane,Brown,jane.brown@demo.com,Mazda,3,YTH1YMCWI393E1YLF,Fri Jun 06 2014 00:00:00 GMT+0530 (India Standard Time),11
c81c081b-4aa2-4c69-b54f-5914048c5fca,Emily,Davis,emily.davis@email.com,Chevrolet,Malibu,GC7MTKP8AXUSEFMJL,Mon Mar 31 2014 00:00:00 GMT+0530 (India Standard Time),11
9385ca7e-57ae-492f-b33a-f4cedc8ecebb,Emily,Wilson,emily.wilson@example.com,Nissan,Altima,2AMJ5TM5D3KWB2IME,Fri Sep 17 2010 00:00:00 GMT+0530 (India Standard Time),15
f9591a63-f705-4681-bbf7-2627257fcec6,David,Johnson,david.johnson@example.com,Hyundai,Elantra,E9R9CSQT6HUL76U24,Thu Aug 29 2013 00:00:00 GMT+0530 (India Standard Time),12
62eb1c9f-e690-40d3-aad9-3ce36b9f2e26,Ava,Davis,ava.davis@email.com,Subaru,Impreza,NSC1S4VTBGINOEBN9,Fri Jul 04 2014 00:00:00 GMT+0530 (India Standard Time),11
8f340d9d-c6be-4e8d-9a19-321bee99f9a7,Emma,Garcia,emma.garcia@demo.com,Hyundai,Elantra,9X97LRZLTNMZ2KDVA,Tue Apr 14 2015 00:00:00 GMT+0530 (India Standard Time),10
93181295-6ba3-45b7-a793-5e69e4f91f4c,Emma,Brown,emma.brown@test.com,Hyundai,Elantra,N71RHY4AORLOC3VZL,Mon Apr 18 2011 00:00:00 GMT+0530 (India Standard Time),14
a2846b56-5536-4583-9066-34dc533b3e57,Olivia,Anderson,olivia.anderson@email.com,Mazda,3,KFJERJT9QKHS01ZUX,Fri May 14 2010 00:00:00 GMT+0530 (India Standard Time),15
2e01a47f-2d96-42f5-a33c-d4535ee5d9aa,William,Wilson,william.wilson@email.com,Subaru,Impreza,JSWF3N8PRD5W45O26,Thu Dec 16 2010 00:00:00 GMT+0530 (India Standard Time),15
d98bb144-b488-4057-99b0-281d287bf7ba,Emma,Doe,emma.doe@test.com,Kia,Optima,WID8JL4TU7EJIHSQV,Fri Aug 23 2013 00:00:00 GMT+0530 (India Standard Time),12
37551c67-ab9c-41c0-bcaf-e04d77cb0aa8,James,Smith,james.smith@email.com,Subaru,Impreza,QNKECM9FETUMLU3JB,Mon Feb 11 2013 00:00:00 GMT+0530 (India Standard Time),12
9976ebe7-382f-4de7-8183-a0052685d92b,William,Anderson,william.anderson@email.com,Subaru,Impreza,XMLU891SO7YDLXU9K,Fri Jun 17 2011 00:00:00 GMT+0530 (India Standard Time),14
f0d1d084-49fe-474d-9991-da0956e468b8,Emily,Martinez,emily.martinez@test.com,Chevrolet,Malibu,CZU1XMZZLTDK1ZP3P,Thu Dec 04 2014 00:00:00 GMT+0530 (India Standard Time),11
97475f4b-4f09-422b-90e4-93085390b1db,Emma,Johnson,emma.johnson@email.com,Chevrolet,Malibu,B84XLRBWO89LAJJA7,Sun Jun 16 2013 00:00:00 GMT+0530 (India Standard Time),12
09505611-3a6a-4cc6-94de-ea8ad822faca,James,Brown,james.brown@email.com,Subaru,Impreza,6GD9LY9V9W0UKWLNS,Wed Oct 30 2013 00:00:00 GMT+0530 (India Standard Time),12
748d5e7f-5b43-463c-b81c-ea3bbd09100d,Emily,Davis,emily.davis@example.com,Volkswagen,Passat,0M1MNTIPZN5ITRWHM,Wed Jun 18 2014 00:00:00 GMT+0530 (India Standard Time),11
c495be04-ef4d-4f98-a379-b1446e418644,John,Smith,john.smith@example.com,Kia,Optima,OEIJ2EBO9XE7NWRN3,Fri Jul 20 2012 00:00:00 GMT+0530 (India Standard Time),13
c8004ff8-75af-481d-bd87-18f04603451b,Michael,Johnson,michael.johnson@demo.com,Mazda,3,J4Z6SC4WMG6D68FP1,Fri Feb 26 2010 00:00:00 GMT+0530 (India Standard Time),15
bc8f2207-9efc-4429-aa1f-75c1488b4e35,William,Brown,william.brown@example.com,Volkswagen,Passat,8EYF0I9RSOS3ZBRY1,Mon Dec 20 2010 00:00:00 GMT+0530 (India Standard Time),15
87e65b6e-88a4-45c0-9814-4f9f7bf6ece5,William,Brown,william.brown@example.com,Mazda,3,KM4ZFG9G192KG9NOR,Fri Feb 15 2013 00:00:00 GMT+0530 (India Standard Time),12
40ffef35-ec45-4d82-b8b4-d0b2fe98e5b0,Emily,Lee,emily.lee@demo.com,Toyota,Corolla,B05IFEE0SNAHQ5IVY,Mon Dec 29 2014 00:00:00 GMT+0530 (India Standard Time),11
ab9d48a1-2518-4254-8b7e-0d558a2388c9,Emma,Wilson,emma.wilson@email.com,Subaru,Impreza,KYYTVB5QDYRVBWXCW,Fri Aug 16 2013 00:00:00 GMT+0530 (India Standard Time),12
62795a45-a619-46eb-bf92-5d69d571de6c,John,Brown,john.brown@test.com,Hyundai,Elantra,QJ3LRR5OJBADFJEIY,Wed Aug 12 2015 00:00:00 GMT+0530 (India Standard Time),10
0caaf56d-a45c-4b78-9502-697005a3f3fc,Michael,Doe,michael.doe@test.com,Toyota,Corolla,XOJUXNS5AUYC9PRSS,Mon Nov 05 2012 00:00:00 GMT+0530 (India Standard Time),13
ad71325f-8f19-4aac-92c5-cbc63bba4eb0,John,Doe,john.doe@email.com,Mazda,3,RQ6QRRJR1R3997KWX,Fri Nov 22 2013 00:00:00 GMT+0530 (India Standard Time),12
f5bd7011-548b-43a3-a941-2a8884e1ad11,James,Martinez,james.martinez@email.com,Volkswagen,Passat,U4MKFSXB6RZC6J7VU,Thu Jun 19 2014 00:00:00 GMT+0530 (India Standard Time),11
aa8d710e-eac5-48ff-bf2a-ed99e97caa24,William,Lee,william.lee@test.com,Volkswagen,Passat,5N4NTYNX96M6O4R4N,Sat Sep 25 2010 00:00:00 GMT+0530 (India Standard Time),15
ca7c5a1c-dc6b-41d8-9c10-dd68775d4897,Jane,Martinez,jane.martinez@test.com,Honda,Civic,3DHBHZKJ8E9CBMHFN,Tue May 15 2012 00:00:00 GMT+0530 (India Standard Time),13
97451b1c-8063-4411-b4f3-0a8a21cc53c2,James,Garcia,james.garcia@demo.com,Mazda,3,RAD50R4PFKVQ7JE59,Fri Jan 02 2015 00:00:00 GMT+0530 (India Standard Time),10
9ae26c2d-94f4-45a4-8f54-ad8deeb860ec,Ava,Smith,ava.smith@example.com,Chevrolet,Malibu,ADC1V56OSK0TWU6Y6,Wed Jul 23 2014 00:00:00 GMT+0530 (India Standard Time),11
e2a97f22-e642-4491-b0e7-cb40271943ba,James,Doe,james.doe@demo.com,Hyundai,Elantra,3OME8NCTS3SQ7R3CQ,Tue Jun 24 2014 00:00:00 GMT+0530 (India Standard Time),11
4c2c1f63-b1e6-4ee8-8163-cf62823576b4,Michael,Johnson,michael.johnson@test.com,Nissan,Altima,X3ZQW2QO8VX9FEC1X,Sun May 09 2010 00:00:00 GMT+0530 (India Standard Time),15
8e1804ae-7b09-4da4-80c7-e8a71182a750,Ava,Smith,ava.smith@example.com,Hyundai,Elantra,PU21X5IUCX516IF4C,Fri Aug 29 2014 00:00:00 GMT+0530 (India Standard Time),11
28a97694-ed36-4477-b651-59c96830a092,David,Anderson,david.anderson@example.com,Hyundai,Elantra,I87HFZJII4KIVGSWU,Sun Mar 13 2011 00:00:00 GMT+0530 (India Standard Time),14
4e5ddf52-72e6-44e9-aeff-ddd441b87728,Emily,Garcia,emily.garcia@email.com,Toyota,Corolla,LZKR155U3TKCEVAA5,Sun May 12 2013 00:00:00 GMT+0530 (India Standard Time),12
18344a33-f67b-451b-886e-69ba5f478a1d,David,Johnson,david.johnson@test.com,Hyundai,Elantra,TDR9JEGMIP7UIDJIZ,Mon Jun 10 2013 00:00:00 GMT+0530 (India Standard Time),12
d0f54c8f-f6d1-4f22-ae2a-5f3b68870df7,Olivia,Garcia,olivia.garcia@email.com,Toyota,Corolla,MHDHSB87ELP0Z47XI,Sun Mar 22 2015 00:00:00 GMT+0530 (India Standard Time),10
6980fe24-d63f-45e7-afcd-ed3f9e520e93,James,Wilson,james.wilson@demo.com,Subaru,Impreza,DG88WD6CZEGFW15YW,Tue Aug 03 2010 00:00:00 GMT+0530 (India Standard Time),15
25d492ed-2e1f-48a6-be2b-a74f33dfbdc3,James,Davis,james.davis@example.com,Ford,Focus,37X0Z5T0QB4O7KT04,Wed Jul 20 2011 00:00:00 GMT+0530 (India Standard Time),14
44094bae-d8e2-4997-8688-c07202d73b9b,Olivia,Lee,olivia.lee@demo.com,Honda,Civic,GBLBHHXCU68FK05Z8,Fri May 25 2012 00:00:00 GMT+0530 (India Standard Time),13
3b2f8c96-df94-4145-ad44-afe247cb5289,John,Lee,john.lee@email.com,Chevrolet,Malibu,Y36OKLOCQ3YXZLNIO,Wed Dec 22 2010 00:00:00 GMT+0530 (India Standard Time),15
7626d160-1a10-4d50-8d78-591e4935311b,Ava,Brown,ava.brown@example.com,Kia,Optima,3XQ9MKQ0F15LPXD1N,Mon Dec 09 2013 00:00:00 GMT+0530 (India Standard Time),12
a8dff6c9-d706-4418-9d57-942f4737a91a,Michael,Doe,michael.doe@email.com,Honda,Civic,NL99EBC6K6VYIRNND,Tue Sep 04 2012 00:00:00 GMT+0530 (India Standard Time),13
37e5d2d9-2467-4643-b39c-7117bf8bb58c,Olivia,Brown,olivia.brown@email.com,Kia,Optima,ETN5DP34KL8UJBJIN,Sun Jul 19 2015 00:00:00 GMT+0530 (India Standard Time),10
882a6287-866c-430a-994a-d2ead4215111,Jane,Anderson,jane.anderson@example.com,Volkswagen,Passat,V9PEI7JOTJ1PERQ7O,Mon Feb 17 2014 00:00:00 GMT+0530 (India Standard Time),11
d560a4b4-4ddb-47cc-a650-89fa27e09259,William,Doe,william.doe@demo.com,Nissan,Altima,Y46EZLYHJDJT90K85,Fri Dec 25 2015 00:00:00 GMT+0530 (India Standard Time),10
65b3b98e-4f9c-4c87-9f22-d9e42c161f4c,William,Smith,william.smith@example.com,Mazda,3,BGLRT7FO1NF0DEJ10,Tue Oct 18 2011 00:00:00 GMT+0530 (India Standard Time),14
000760f4-15c6-4dd2-b105-bc8ffb90d961,Olivia,Garcia,olivia.garcia@test.com,Volkswagen,Passat,U8AYDXPHPCQCIRP5V,Wed Jan 23 2013 00:00:00 GMT+0530 (India Standard Time),12
01fdaffa-a8fe-4795-902f-f68cf936f4b5,David,Wilson,david.wilson@demo.com,Chevrolet,Malibu,3W8NS0G0CXEFMUWFZ,Wed Jun 29 2011 00:00:00 GMT+0530 (India Standard Time),14
924290ec-fca9-493d-a553-323e590104bf,James,Brown,james.brown@test.com,Mazda,3,JOE3H3VY1F0DSO6AH,Wed Mar 26 2014 00:00:00 GMT+0530 (India Standard Time),11
dea8a6e8-0e46-4674-a1cb-6f8f0c176d8c,John,Johnson,john.johnson@demo.com,Honda,Civic,XQQIEJSFBDB4O0X09,Fri May 24 2013 00:00:00 GMT+0530 (India Standard Time),12
361c5a06-a096-4f92-85d8-9d49b2becac3,Emma,Smith,emma.smith@email.com,Volkswagen,Passat,KS19WJMY9CRSFUNXV,Sun Jan 24 2010 00:00:00 GMT+0530 (India Standard Time),15
dcb5d4b3-9484-4c21-85f0-0ee18e184348,Emma,Smith,emma.smith@test.com,Toyota,Corolla,NB9XMPMK8HGZRBGQ8,Fri Oct 29 2010 00:00:00 GMT+0530 (India Standard Time),15
fc16f605-bab2-4bba-b6ec-16d59953dc27,William,Smith,william.smith@email.com,Mazda,3,BDB9NSBC9XX536XVH,Tue Nov 05 2013 00:00:00 GMT+0530 (India Standard Time),12
7312230d-8850-4dca-91b7-083f8f8b3745,Jane,Anderson,jane.anderson@example.com,Nissan,Altima,RC47F7X5NSQLV3QAM,Mon Jan 13 2014 00:00:00 GMT+0530 (India Standard Time),11
9f8120c6-ecb6-446b-9539-fdd3b51f7cb5,Ava,Doe,ava.doe@demo.com,Subaru,Impreza,VLNL61K5VP2Q9KYDM,Thu Aug 02 2012 00:00:00 GMT+0530 (India Standard Time),13
3a3bcbda-5b25-4b34-b290-99d946a3b076,Michael,Brown,michael.brown@demo.com,Ford,Focus,2J84LXYSKL8N0FCZ2,Fri Dec 26 2014 00:00:00 GMT+0530 (India Standard Time),11
968aea77-6d7b-41ef-8c0e-4c4d19cd3f26,James,Wilson,james.wilson@example.com,Ford,Focus,NGYV8Z9KTYZ6V84O2,Thu Apr 05 2012 00:00:00 GMT+0530 (India Standard Time),13
26ea7ef1-a726-4df2-b881-1feac41cbdac,William,Lee,william.lee@demo.com,Kia,Optima,1H9PUIO7EZK68CESE,Mon Sep 02 2013 00:00:00 GMT+0530 (India Standard Time),12
de7adebe-8026-415f-8de2-5e6085c2ea93,Michael,Martinez,michael.martinez@email.com,Kia,Optima,LQGEE36XINWRZJ644,Sat Aug 14 2010 00:00:00 GMT+0530 (India Standard Time),15
14a0f752-4522-4f9f-a09f-159aafb03065,William,Davis,william.davis@demo.com,Mazda,3,ZTBEH81JOPRKXCSGL,Wed Sep 29 2010 00:00:00 GMT+0530 (India Standard Time),15
134bdc04-0f7f-4ea6-9a16-2131da815030,Jane,Johnson,jane.johnson@example.com,Volkswagen,Passat,SZOP51O0O2QI89LM2,Fri Jan 23 2015 00:00:00 GMT+0530 (India Standard Time),10
6595f26e-b33f-4fd8-877f-243ab5cc09ee,John,Brown,john.brown@email.com,Ford,Focus,8Q6BCK3QHKUG8CZQD,Mon Sep 05 2011 00:00:00 GMT+0530 (India Standard Time),14
31287111-64de-4714-8f55-ced8ef253c41,Ava,Smith,ava.smith@test.com,Honda,Civic,UMAYUJERD6J2XX2KW,Wed Aug 21 2013 00:00:00 GMT+0530 (India Standard Time),12
c634d72b-7838-4f10-b8b1-7c3f9d3255ab,William,Anderson,william.anderson@email.com,Honda,Civic,0CNV3BSPPNQVFHFIB,Sat Jul 23 2011 00:00:00 GMT+0530 (India Standard Time),14
f61b0aa9-24cb-46d5-8cb8-909ccd75794b,James,Doe,james.doe@test.com,Subaru,Impreza,F65B3OCAGQIGMLXO0,Thu Mar 05 2015 00:00:00 GMT+0530 (India Standard Time),10
5fb14fcd-fa90-41c1-87db-00bada27bed8,John,Davis,john.davis@demo.com,Volkswagen,Passat,OAAISURDX884LDKUD,Tue Apr 16 2013 00:00:00 GMT+0530 (India Standard Time),12
adf1fa71-ddad-4d80-89e6-254cd42516de,Michael,Davis,michael.davis@email.com,Ford,Focus,UG22QNKV055W00XAR,Sun Jun 29 2014 00:00:00 GMT+0530 (India Standard Time),11
5438c472-a36c-4a62-b2f6-416bb83535b2,Olivia,Lee,olivia.lee@demo.com,Volkswagen,Passat,RRKHKQ5RLJS8YPV7G,Sat Jul 05 2014 00:00:00 GMT+0530 (India Standard Time),11
455f3884-44fa-4af7-a447-69cc0266c707,Emily,Martinez,emily.martinez@demo.com,Ford,Focus,JJ8R7RV9WL8BRPRI9,Wed Aug 03 2011 00:00:00 GMT+0530 (India Standard Time),14
c4786378-9443-4276-996b-804353ecf1b5,James,Garcia,james.garcia@email.com,Mazda,3,VKFOCRO849J0LRR1Z,Thu Oct 10 2013 00:00:00 GMT+0530 (India Standard Time),12
f689d270-46b8-4bec-b628-e3d4f279f3e3,Ava,Davis,ava.davis@demo.com,Volkswagen,Passat,NQZ439CIH99Z8GFDM,Sun Oct 02 2011 00:00:00 GMT+0530 (India Standard Time),14
20c25cf4-083b-42d1-90ba-1bca617d1e76,David,Lee,david.lee@test.com,Toyota,Corolla,W9WI924FYEGSAX9XQ,Sun May 31 2015 00:00:00 GMT+0530 (India Standard Time),10
24bbdce2-d9ad-4556-b167-e80cc92ad2aa,Michael,Anderson,michael.anderson@example.com,Volkswagen,Passat,BTGJUHOC3QYEKOPPL,Fri Jul 17 2015 00:00:00 GMT+0530 (India Standard Time),10
5324c3d2-6c98-4961-9c4a-a56d7a0d5502,John,Martinez,john.martinez@test.com,Chevrolet,Malibu,GAJWCEDOGRQQGPNXV,Thu Nov 01 2012 00:00:00 GMT+0530 (India Standard Time),13
5290315c-8951-49c4-beae-3697475ac870,Olivia,Lee,olivia.lee@demo.com,Subaru,Impreza,97H6EB3T040KFOSYN,Thu May 09 2013 00:00:00 GMT+0530 (India Standard Time),12
99836c1b-85c0-4ceb-b767-e23c78211655,Emily,Doe,emily.doe@email.com,Volkswagen,Passat,SKMF65UJPDIOZ52ZT,Wed Aug 31 2011 00:00:00 GMT+0530 (India Standard Time),14
52190332-82bb-4c98-abc4-afcb0257d5ab,Jane,Smith,jane.smith@test.com,Ford,Focus,FGJPRO6RZEGI3D0TK,Sat May 02 2015 00:00:00 GMT+0530 (India Standard Time),10
d310111c-71c0-4129-afe7-d411c2087ae9,Ava,Wilson,ava.wilson@email.com,Chevrolet,Malibu,GC53D7Q43DN6WFQC2,Tue May 25 2010 00:00:00 GMT+0530 (India Standard Time),15
7693697c-885e-4663-81df-9458f560b94b,William,Anderson,william.anderson@email.com,Nissan,Altima,PZJ6G4GPQIC0DT2OH,Mon Mar 18 2013 00:00:00 GMT+0530 (India Standard Time),12
e653a4c3-1ca0-46b2-a83d-a1c1b023c831,Michael,Davis,michael.davis@test.com,Nissan,Altima,MZ0IJR62EFYJ6CUDP,Tue Dec 10 2013 00:00:00 GMT+0530 (India Standard Time),12
e815ee6a-37da-4d0d-bed7-d349add03d99,James,Anderson,james.anderson@example.com,Toyota,Corolla,J4ZH3ZAEIW6L2PROT,Fri Mar 29 2013 00:00:00 GMT+0530 (India Standard Time),12
fbce3ea3-736e-4e2e-b921-0a4194bbb0b3,James,Johnson,james.johnson@test.com,Subaru,Impreza,SIRWFE6STKKY9929E,Tue Jul 05 2011 00:00:00 GMT+0530 (India Standard Time),14
3ff0c70b-e7b3-43a2-9420-6a781c4555b7,William,Wilson,william.wilson@example.com,Honda,Civic,OI314VNSDM2VAJOIK,Mon Sep 23 2013 00:00:00 GMT+0530 (India Standard Time),12
46e309db-33e3-4d86-8d5e-0bdfd70580df,David,Lee,david.lee@test.com,Mazda,3,PAVBOS66NIPTO52YS,Wed Oct 23 2013 00:00:00 GMT+0530 (India Standard Time),12
88741691-4673-4312-8ab4-66284dd974e5,John,Smith,john.smith@test.com,Ford,Focus,4X5DF6QN0LZ4ZIC3F,Sat Oct 26 2013 00:00:00 GMT+0530 (India Standard Time),12
b11b1ba1-fbc6-4194-9813-615a0274cc78,David,Davis,david.davis@email.com,Subaru,Impreza,89WW37NUQH1RORMVA,Sat Oct 13 2012 00:00:00 GMT+0530 (India Standard Time),13
62e1abbd-78f4-4dde-84a1-c08b1b0574f7,Michael,Brown,michael.brown@demo.com,Chevrolet,Malibu,W3WDHACHYWMVQ49QC,Wed Oct 17 2012 00:00:00 GMT+0530 (India Standard Time),13
36ce6d41-5180-45e0-948c-9e70873a3737,Ava,Brown,ava.brown@demo.com,Hyundai,Elantra,NT1I5KUUH42RGQRKZ,Thu Apr 29 2010 00:00:00 GMT+0530 (India Standard Time),15
138000b3-2fcb-40db-a1a2-e6644604fbe1,Emily,Anderson,emily.anderson@test.com,Honda,Civic,GYW12JYT3Y6KHYJZ6,Sun Nov 29 2015 00:00:00 GMT+0530 (India Standard Time),10
0820605c-24e4-438c-a043-9cc205aa2d93,Emma,Davis,emma.davis@test.com,Toyota,Corolla,VNE7KSAWLUO4T1O8Q,Tue Oct 28 2014 00:00:00 GMT+0530 (India Standard Time),11
0f9328c2-31ea-4618-8e2f-a00486d3e4a1,William,Martinez,william.martinez@email.com,Honda,Civic,H9W6M8II4OZBWE3Q1,Sat Jan 08 2011 00:00:00 GMT+0530 (India Standard Time),14
58b1d5fe-807c-4c48-a4bb-04084043a1bf,Emily,Brown,emily.brown@demo.com,Kia,Optima,73R1420CLAPYQ1K1Y,Sun Jan 19 2014 00:00:00 GMT+0530 (India Standard Time),11
632ad2b8-ef58-44ec-ade6-ed7dfdec698f,Jane,Lee,jane.lee@demo.com,Kia,Optima,JTSWUXBE7R6LBFZOO,Wed Nov 11 2015 00:00:00 GMT+0530 (India Standard Time),10
bc60aa11-654b-4da0-8488-ef7696d39054,Olivia,Johnson,olivia.johnson@test.com,Nissan,Altima,1XVTH8U0B7N2CIJHD,Fri May 25 2012 00:00:00 GMT+0530 (India Standard Time),13
b1ffe5f5-2a82-484d-898b-9336f769941c,William,Johnson,william.johnson@demo.com,Subaru,Impreza,PUIQ1VJXLABT3CD7X,Sat Jan 16 2010 00:00:00 GMT+0530 (India Standard Time),15
f1401ecc-55cd-4198-b02a-9ecd4c8f7b0e,David,Anderson,david.anderson@test.com,Honda,Civic,JXA38MM3AH1FWIMC9,Thu Jun 02 2011 00:00:00 GMT+0530 (India Standard Time),14
4d428f16-56da-43ee-a9e6-073f9927fed3,Michael,Smith,michael.smith@email.com,Toyota,Corolla,794ZGVJC8MLJEY7Z2,Sat Apr 30 2011 00:00:00 GMT+0530 (India Standard Time),14
425717a1-0348-4e75-a892-ac79e4cb7d36,Ava,Brown,ava.brown@example.com,Chevrolet,Malibu,YBHWQNWWV528QGN8S,Wed Aug 03 2011 00:00:00 GMT+0530 (India Standard Time),14
0333dcd3-8417-497d-98cd-8ce237a5b3cc,Emily,Brown,emily.brown@email.com,Hyundai,Elantra,G3WXKHPM23MKOT2PM,Mon Jan 11 2010 00:00:00 GMT+0530 (India Standard Time),15
f583855d-0999-42fc-89c7-5724dc9bdbb9,David,Brown,david.brown@email.com,Toyota,Corolla,GOJ8TUIAYBBY0I6LB,Mon Apr 30 2012 00:00:00 GMT+0530 (India Standard Time),13
2818907f-6da0-441e-a59e-efa1909e191c,Jane,Brown,jane.brown@test.com,Ford,Focus,R08VUMTPC3T7XIJV3,Fri Sep 18 2015 00:00:00 GMT+0530 (India Standard Time),10
4cb0079d-97bc-4a25-b95c-7ab46cd2b9e6,David,Brown,david.brown@example.com,Honda,Civic,N2UT2TI5TL6MSRQQD,Mon Mar 25 2013 00:00:00 GMT+0530 (India Standard Time),12
efcf5bc6-93db-409b-8581-083b75cad470,Emily,Davis,emily.davis@example.com,Ford,Focus,PIOY0ECSVOM5J4K9E,Thu Jun 24 2010 00:00:00 GMT+0530 (India Standard Time),15
f299abdb-b929-4754-87d6-03b5e54b8929,Emma,Martinez,emma.martinez@demo.com,Chevrolet,Malibu,WWR0CV80VGL6DGEHV,Wed Sep 10 2014 00:00:00 GMT+0530 (India Standard Time),11
